{
    "final_train_loss": 361.9632536254883,
    "final_exit1_loss": 330.65781048583983,
    "final_exit2_loss": 319.6310266723633,
    "final_full_loss": 449.68125498046874,
    "final_cascade_loss": 0.18224185245037078,
    "final_exit1_rate": 1.0,
    "final_exit2_rate": 0.0,
    "final_full_rate": 0.0,
    "final_combined_early_exit_rate": 1.0,
    "final_inference_time": 8.119032300751785,
    "train_exit1_confidence": 0.4625181833744049,
    "train_exit2_confidence": 0.5711413040161133,
    "train_full_confidence": 0.7911012504577637,
    "val_exit1_confidence": 0.4622727544143282,
    "val_exit2_confidence": 0,
    "val_full_confidence": 0,
    "temperature1": 1.7125965356826782,
    "temperature2": 1.283084750175476,
    "temperature_full": 0.8676083087921143,
    "exit1_count": 145,
    "exit2_count": 0,
    "full_count": 0
}