{
    "final_train_loss": 357.8165910644531,
    "final_exit1_loss": 329.7550809570312,
    "final_exit2_loss": 315.15064279785156,
    "final_full_loss": 442.735541796875,
    "final_cascade_loss": 0.18271316056251527,
    "final_exit1_rate": 0.0,
    "final_exit2_rate": 0.0,
    "final_full_rate": 1.0,
    "final_combined_early_exit_rate": 0.0,
    "final_inference_time": 19.84782547786318,
    "train_exit1_confidence": 0.4862653453588486,
    "train_exit2_confidence": 0.5205510886669159,
    "train_full_confidence": 0.6362814504146576,
    "val_exit1_confidence": 0,
    "val_exit2_confidence": 0,
    "val_full_confidence": 0.633529991117017,
    "temperature1": 1.6563022136688232,
    "temperature2": 1.3661723136901855,
    "temperature_full": 0.8352994918823242,
    "exit1_count": 0,
    "exit2_count": 0,
    "full_count": 145
}