{
    "final_train_loss": 360.795802746582,
    "final_exit1_loss": 331.40520080566404,
    "final_exit2_loss": 319.1405598754883,
    "final_full_loss": 445.696062878418,
    "final_cascade_loss": 0.18376725615262984,
    "final_exit1_rate": 1.0,
    "final_exit2_rate": 0.0,
    "final_full_rate": 0.0,
    "final_combined_early_exit_rate": 1.0,
    "final_inference_time": 8.22576325515221,
    "train_exit1_confidence": 0.47552453091144564,
    "train_exit2_confidence": 0.48160053815841675,
    "train_full_confidence": 0.5925140680789948,
    "val_exit1_confidence": 0.47547525578531724,
    "val_exit2_confidence": 0,
    "val_full_confidence": 0,
    "temperature1": 1.5423803329467773,
    "temperature2": 1.6167588233947754,
    "temperature_full": 0.911677360534668,
    "exit1_count": 145,
    "exit2_count": 0,
    "full_count": 0
}