{
    "final_train_loss": 447.3104227661133,
    "final_exit1_loss": 333.43470275878906,
    "final_exit2_loss": 317.2975164794922,
    "final_full_loss": 440.67580466308596,
    "final_cascade_loss": 0.15676192278862,
    "final_distribution_loss": 0.1525000035762787,
    "final_exit1_rate": 0.0,
    "final_exit2_rate": 0.0,
    "final_full_rate": 1.0,
    "final_combined_early_exit_rate": 0.0,
    "final_inference_time": 14.579023163894128,
    "train_exit1_confidence": 0.008004162134230136,
    "train_exit2_confidence": 0.008050614632666112,
    "train_full_confidence": 0.5474088254451752,
    "actual_exit1_rate": 0.0,
    "actual_exit2_rate": 0.0,
    "val_exit1_confidence": 0,
    "val_exit2_confidence": 0,
    "val_full_confidence": 0.5482232282901632,
    "exit1_threshold_start": 0.35,
    "exit1_threshold_end": 0.55,
    "exit2_threshold_start": 0.45,
    "exit2_threshold_end": 0.65,
    "gumbel_temperature": 0.5,
    "min_detections": 2,
    "fg_threshold": 0.6,
    "warmup_epochs": 3,
    "temperature1_final": 1.1734697073936462,
    "temperature2_final": 3.0,
    "temperature_full_final": 0.9387532472610474,
    "exit1_count": 0,
    "exit2_count": 0,
    "full_count": 145
}