{
    "final_train_loss": 360.1951024658203,
    "final_exit1_loss": 331.29488715820315,
    "final_exit2_loss": 317.9651390258789,
    "final_full_loss": 445.32241392822266,
    "final_cascade_loss": 0.17170657877922058,
    "final_distribution_loss": 0.1525000035762787,
    "final_exit1_rate": 0.0,
    "final_exit2_rate": 0.0,
    "final_full_rate": 1.0,
    "final_combined_early_exit_rate": 0.0,
    "final_inference_time": 19.618800590778218,
    "train_exit1_confidence": 0.4845723387479782,
    "train_exit2_confidence": 0.5183589935302735,
    "train_full_confidence": 0.555554374885559,
    "simulated_exit1_rate": 0.0,
    "simulated_exit2_rate": 0.0,
    "val_exit1_confidence": 0,
    "val_exit2_confidence": 0,
    "val_full_confidence": 0.5528662587034291,
    "learned_exit1_threshold": 0.550000011920929,
    "learned_exit2_threshold": 0.6499999761581421,
    "initial_exit1_threshold": 0.55,
    "initial_exit2_threshold": 0.65,
    "temperature1": 1.5649425983428955,
    "temperature2": 1.5894650220870972,
    "temperature_full": 0.8919709324836731,
    "exit1_count": 0,
    "exit2_count": 0,
    "full_count": 145
}