{
    "final_train_loss": 361.0938724609375,
    "final_exit1_loss": 330.91990233154297,
    "final_exit2_loss": 318.0744213256836,
    "final_full_loss": 448.5973695678711,
    "final_cascade_loss": 0.17822087718248367,
    "final_distribution_loss": 9.031585505408656e-06,
    "final_exit1_rate": 0.0,
    "final_exit2_rate": 0.0,
    "final_full_rate": 1.0,
    "final_combined_early_exit_rate": 0.0,
    "final_inference_time": 21.10476329408843,
    "train_exit1_confidence": 0.3293456896543503,
    "train_exit2_confidence": 0.7219544134140015,
    "train_full_confidence": 0.7919397461891174,
    "simulated_exit1_rate": 0.300201758980751,
    "simulated_exit2_rate": 0.2500752799153328,
    "val_exit1_confidence": 0,
    "val_exit2_confidence": 0,
    "val_full_confidence": 0.7921547084019102,
    "learned_exit1_threshold": 0.4137835204601288,
    "learned_exit2_threshold": 0.780590295791626,
    "initial_exit1_threshold": 0.45,
    "initial_exit2_threshold": 0.6,
    "sigmoid_temperature": 10.0,
    "temperature1": 1.2421929836273193,
    "temperature2": 2.5615785121917725,
    "temperature_full": 0.65314120054245,
    "exit1_count": 0,
    "exit2_count": 0,
    "full_count": 145
}