{
    "final_train_loss": 357.33820866699216,
    "final_exit1_loss": 330.5019375,
    "final_exit2_loss": 314.48460100097657,
    "final_full_loss": 441.2828252197266,
    "final_cascade_loss": 0.17856765275001527,
    "final_exit1_rate": 1.0,
    "final_exit2_rate": 0.0,
    "final_full_rate": 0.0,
    "final_combined_early_exit_rate": 1.0,
    "final_inference_time": 8.123169274165713,
    "train_exit1_confidence": 0.4785156141281128,
    "train_exit2_confidence": 0.5293156515598297,
    "train_full_confidence": 0.63432120718956,
    "val_exit1_confidence": 0.47842567172543754,
    "val_exit2_confidence": 0,
    "val_full_confidence": 0,
    "temperature1": 1.635817527770996,
    "temperature2": 1.4176056385040283,
    "temperature_full": 0.9087299108505249,
    "exit1_count": 145,
    "exit2_count": 0,
    "full_count": 0
}