{
    "final_train_loss": 360.7544474853516,
    "final_exit1_loss": 333.6338474487305,
    "final_exit2_loss": 317.83871279296875,
    "final_full_loss": 445.0646998291016,
    "final_cascade_loss": 0.18773506500720977,
    "final_exit1_rate": 1.0,
    "final_exit2_rate": 0.0,
    "final_full_rate": 0.0,
    "final_combined_early_exit_rate": 1.0,
    "final_inference_time": 7.24139377988618,
    "train_exit1_confidence": 0.4914051074266434,
    "train_exit2_confidence": 0.514336678314209,
    "train_full_confidence": 0.5900463174819947,
    "val_exit1_confidence": 0.49145474680538836,
    "val_exit2_confidence": 0,
    "val_full_confidence": 0,
    "temperature1": 1.5938148498535156,
    "temperature2": 1.476433277130127,
    "temperature_full": 0.8542331457138062,
    "exit1_count": 145,
    "exit2_count": 0,
    "full_count": 0
}