{
    "final_train_loss": 0.024545908939279618,
    "final_exit1_loss": 0.07552574665118009,
    "final_exit2_loss": 1.0341335129453455e-07,
    "final_full_loss": 3.1139685641612404e-09,
    "final_cascade_loss": 0.03776284114603186,
    "final_exit1_rate": 0.0,
    "final_exit2_rate": 0.0,
    "final_full_rate": 1.0,
    "final_combined_early_exit_rate": 0.0,
    "final_inference_time": 13.512728132050613,
    "train_exit1_confidence": 0.0018036590544506907,
    "train_exit2_confidence": 0.0024918502466753124,
    "train_full_confidence": 0.02107523721754551,
    "val_exit1_confidence": 0,
    "val_exit2_confidence": 0,
    "val_full_confidence": 0.021026003823198122,
    "temperature1": 1.5030015707015991,
    "temperature2": 1.496993899345398,
    "temperature_full": 1.0,
    "exit1_count": 0,
    "exit2_count": 0,
    "full_count": 145
}