{
    "final_train_loss": 0.024705001514428296,
    "final_exit1_loss": 0.07601526043391786,
    "final_exit2_loss": 1.0421949464500813e-07,
    "final_full_loss": 3.585854246157538e-09,
    "final_cascade_loss": 0.03800759834670462,
    "final_exit1_rate": 0.0,
    "final_exit2_rate": 0.0,
    "final_full_rate": 1.0,
    "final_combined_early_exit_rate": 0.0,
    "final_inference_time": 14.396914120378165,
    "train_exit1_confidence": 0.0034985884938389064,
    "train_exit2_confidence": 0.007495871938765049,
    "train_full_confidence": 0.019155359983444215,
    "val_exit1_confidence": 0,
    "val_exit2_confidence": 0,
    "val_full_confidence": 0.018630888081830124,
    "temperature1": 1.5,
    "temperature2": 1.5,
    "temperature_full": 1.0,
    "exit1_count": 0,
    "exit2_count": 0,
    "full_count": 145
}