{
    "final_train_loss": 359.48194729003905,
    "final_exit1_loss": 333.8489726928711,
    "final_exit2_loss": 316.94097421875,
    "final_full_loss": 441.7016216186523,
    "final_cascade_loss": 0.18809688081741333,
    "final_distribution_loss": 0.3096499962335452,
    "final_exit1_rate": 1.0,
    "final_exit2_rate": 0.0,
    "final_full_rate": 0.0,
    "final_combined_early_exit_rate": 1.0,
    "final_inference_time": 5.780310466371733,
    "train_exit1_confidence": 0.5000355491638183,
    "train_exit2_confidence": 0.6257936585903168,
    "train_full_confidence": 0.92032733502388,
    "actual_exit1_rate": 0.776,
    "actual_exit2_rate": 0.1502,
    "val_exit1_confidence": 0.5000396013259888,
    "val_exit2_confidence": 0,
    "val_full_confidence": 0,
    "exit1_threshold_start": 0.25,
    "exit1_threshold_end": 0.45,
    "exit2_threshold_start": 0.35,
    "exit2_threshold_end": 0.6,
    "gumbel_temperature": 0.5,
    "temperature1": 24.560277938842773,
    "temperature2": 1.7079354524612427,
    "temperature_full": 0.5859168767929077,
    "exit1_count": 145,
    "exit2_count": 0,
    "full_count": 0
}