{
    "final_train_loss": 0.024420396610628812,
    "final_exit1_loss": 0.0751395165709313,
    "final_exit2_loss": 1.3878217462774956e-07,
    "final_full_loss": 3.198218607014525e-09,
    "final_cascade_loss": 0.03756969075757079,
    "final_exit1_rate": 1.0,
    "final_exit2_rate": 0.0,
    "final_full_rate": 0.0,
    "final_combined_early_exit_rate": 1.0,
    "final_inference_time": 7.5825115730022565,
    "train_exit1_confidence": 0.5202320680618286,
    "train_exit2_confidence": 0.5352224724292756,
    "train_full_confidence": 0.5835120775699616,
    "val_exit1_confidence": 0.5194234013557434,
    "val_exit2_confidence": 0,
    "val_full_confidence": 0,
    "temperature1": 1.5,
    "temperature2": 1.5,
    "temperature_full": 1.0,
    "exit1_count": 145,
    "exit2_count": 0,
    "full_count": 0
}