{
    "final_train_loss": 0.18855263274908066,
    "final_early_exit_rate": 1.0,
    "final_inference_time": 4.3309736251831055,
    "avg_confidence": 0.7656864087581634
}