{
    "final_train_loss": 360.29656654052735,
    "final_exit1_loss": 332.03793990478516,
    "final_exit2_loss": 317.7456724975586,
    "final_full_loss": 445.2110730957031,
    "final_cascade_loss": 0.16648602188825606,
    "final_distribution_loss": 0.1525000035762787,
    "final_exit1_rate": 0.0,
    "final_exit2_rate": 0.0,
    "final_full_rate": 1.0,
    "final_combined_early_exit_rate": 0.0,
    "final_inference_time": 14.492230579770844,
    "train_exit1_confidence": 0.0,
    "train_exit2_confidence": 0.0,
    "train_full_confidence": 0.5291638494253158,
    "actual_exit1_rate": 0.0,
    "actual_exit2_rate": 0.0,
    "val_exit1_confidence": 0,
    "val_exit2_confidence": 0,
    "val_full_confidence": 0.5302126109600067,
    "exit1_threshold_start": 0.4,
    "exit1_threshold_end": 0.65,
    "exit2_threshold_start": 0.5,
    "exit2_threshold_end": 0.75,
    "gumbel_temperature": 0.5,
    "min_detections": 3,
    "fg_threshold": 0.7,
    "temperature1_final": 1.5522261261940002,
    "temperature2_final": 2.1507891416549683,
    "temperature_full_final": 0.5,
    "exit1_count": 0,
    "exit2_count": 0,
    "full_count": 145
}