{
    "final_train_loss": 361.48684145507815,
    "final_exit1_loss": 331.2994390258789,
    "final_exit2_loss": 318.832324597168,
    "final_full_loss": 448.46621696777345,
    "final_cascade_loss": 0.1788921222925186,
    "final_distribution_loss": 0.1525000035762787,
    "final_exit1_rate": 0.0,
    "final_exit2_rate": 0.0,
    "final_full_rate": 1.0,
    "final_combined_early_exit_rate": 0.0,
    "final_inference_time": 20.447089754301928,
    "train_exit1_confidence": 0.47524288804531095,
    "train_exit2_confidence": 0.5172610522270202,
    "train_full_confidence": 0.6681523114204406,
    "simulated_exit1_rate": 0.0,
    "simulated_exit2_rate": 0.0,
    "val_exit1_confidence": 0,
    "val_exit2_confidence": 0,
    "val_full_confidence": 0.6660175450916948,
    "learned_exit1_threshold": 0.550000011920929,
    "learned_exit2_threshold": 0.6499999761581421,
    "initial_exit1_threshold": 0.55,
    "initial_exit2_threshold": 0.65,
    "temperature1": 1.5964356660842896,
    "temperature2": 1.4716283082962036,
    "temperature_full": 0.8684540390968323,
    "exit1_count": 0,
    "exit2_count": 0,
    "full_count": 145
}