{
    "final_train_loss": 359.6052824829102,
    "final_exit1_loss": 331.93973107910153,
    "final_exit2_loss": 316.1757198486328,
    "final_full_loss": 445.1444577636719,
    "final_cascade_loss": 0.19452846831083298,
    "final_exit1_rate": 0.0,
    "final_exit2_rate": 0.0,
    "final_full_rate": 1.0,
    "final_combined_early_exit_rate": 0.0,
    "final_inference_time": 19.150248889265388,
    "train_exit1_confidence": 0.1593862343430519,
    "train_exit2_confidence": 0.5155861440658569,
    "train_full_confidence": 0.6255705234527588,
    "val_exit1_confidence": 0,
    "val_exit2_confidence": 0,
    "val_full_confidence": 0.6220195013901283,
    "temperature1": 1.6439497470855713,
    "temperature2": 1.6541662216186523,
    "temperature_full": 0.8710207343101501,
    "exit1_count": 0,
    "exit2_count": 0,
    "full_count": 145
}